{"levels": {"CLARITY, URINE": [1.0, 2.0, 3.0], "COLOR, URINE": [1.0, 2.0, 3.0, 4.0], "URINE KETONES": [1.0, 2.0], "preop_del": [false, true], "ETHNICITY": [-1, 0, 1], "BACTERIA, URINE": [1.0, 2.0], "fall_history": [false, true], "RACE": [-1, 0, 1, 2, 3], "preop_vent_b": [false, true], "COVID-19 CORONAVIRUS RNA": [1.0, 2.0], "GLUCOSE, URINE, QUALITATIVE": [1.0, 2.0], "URINE BLOOD": [1.0, 2.0], "ABORH PAT INTERP": [1.0, 2.0, 3.0, 4.0, 5.0, 6.0, 7.0, 8.0, 9.0], "HIV 1/2 AB + P24 AG": [1.0, 2.0], "HEPATITIS C AB": [1.0, 2.0], "LEUKOCYTE ESTERASE, URINE": [1.0, 2.0], "AD8": [false, true], "HCG,URINE, POC": [1.0, 2.0], "PROTEIN, URINE QUALITATIVE": [1.0, 2.0], "SurgService_Name": [1.0, 2.0, 3.0, 4.0, 5.0, 6.0, 7.0, 8.0, 9.0, 10.0, 11.0, 12.0, 13.0, 14.0, 15.0, 16.0], "HBSAG": [1.0, 2.0], "URINE NITRITE": [1.0, 2.0], "mental_status": [false, true], "Ambulatory": [false, true], "PlannedAnesthesia": [0.0, 1.0]}, "train_mean_cont": [49.06286438529786, 3.8318493192317047, 423.0830065359478, 51.18641114982578, 148.63342611642258, 0.7696036285474879, 67.80281690140846, 36.572525915127954, 4.300174018615945, 7.3260050831792976, 97.51192954363493, 2366.1983039791257, 95.95369462620553, 4.071961860153897, 1.2637193505632869, 0.9740139176784128, 46.46497252747253, 4.177331840846647, 33.08134789777411, 9.927947803229442, 17.20273296467255, 56.83619430505141, 1.2484241585312543, 97.0544428730021, 34.2357006217121, 364.29784640390073, 26.582248102318815, 10.29726713374652, 6.986188670992201, 1.0667881079062822, 9.254666096426263, 103.67601248699272, 135.07211670795485, 67.0830876985047, 7252.1822407045, 39.04893350062734, 77.04031253364505, 55.807390451275324, 5.987362358903481, 6.7202799142605, 36.49553476917759, 3.7245983359632775, 76.89733025459921, 47.35533426352827, 139.26357645527398, 10.027507901774863, 12.721741128563112, 11.923857769328809, 101.36625995470153, 99.92631704980842, 254.92828489926902, 2.010861010326542, 47.17245286419029, 19.03978666012751, 9.025734167318216, 131.935216943261, 1.8913962845646777, 44.990957741280674, 63.47517677707481, 3.469878119558908, 141.9750679239252, 1.1628671992164787, 39.76816031171722, 887.8510114247313, 7.393062046736503, 225.40106194690267, 3.162631831255993, 0.017869103348937706, 0.265923242247467, 24.99741602067183, 34.41071668182428, 86.28611299385935, 4.6532415163992615, 115.88367455463973, 0.10742054969340432, 16.642639869636067], "norm_value_cont": {"cont_names": ["ERYTHROCYTE SEDIMENTATION RATE", "MONOCYTE ABSOLUTE", "LDH", "PO2, VENOUS", "TRIGLYCERIDES", "BILIRUBIN, TOTAL", "LIPASE", "Temp", "THYROID STIMULATING HORMONE", "PH, VENOUS", "SO2 (MEAS) ARTERIAL", "CREATINE KINASE, TOTAL", "Barthel", "RED BLOOD CELL", "CREATININE", "BILIRUBIN, DIRECT", "PCO2, VENOUS", "POTASSIUM, PLASMA", "VITAMIN D, 25-HYDROXY", "Secondary Diagnosis", "Resp", "age", "inr", "SpO2", "ACTIVATED PARTIAL THROMBOPLASTIN TIME", "FIBRINOGEN, CLAUSS", "CO2, TOTAL", "MEAN PLATELET VOLUME", "PROTEIN, TOTAL, PLASMA", "SPECIFIC GRAVITY, URINE", "CALCIUM", "CHLORIDE", "CHOLESTEROL, TOTAL", "HEIGHT_IN_INCHES", "N-TERMINAL PRO B-TYPE NATURETIC PEPTIDE", "PCO2, ARTERIAL", "DBP", "IRON, TOTAL", "PH, URINE", "HEMOGLOBIN A1C", "HEMATOCRIT", "ALBUMIN", "Pulse", "NEUTROPHIL ABSOLUTE", "SODIUM", "LYMPHOCYTE ABSOLUTE", "TROPONIN I", "HEMOGLOBIN", "ALKALINE PHOSPHATASE", "C REACTIVE PROTEIN", "PLATELET", "MAGNESIUM", "RDW", "blood urea nitrogen", "WHITE BLOOD CELL COUNT", "SBP", "LACTATE", "ALANINE AMINOTRANSFERASE", "ASPARTATE AMINOTRANSFERASE", "PHOSPHORUS, PLASMA", "PO2 ARTERIAL POC", "EOSINOPHIL ABSOLUTE", "CHOLESTEROL, HDL", "FERRITIN", "PH, ARTERIAL", "IRON BINDING CAPACITY, TOTAL", "SBT", "NUCLEATED RBC ABS, AUTO", "BASOPHIL ABSOLUTE", "TRANSFERRIN SATURATION", "morse", "WEIGHT_IN_KG", "IONIZED CALCIUM", "GLUCOSE", "IMMATURE GRANULOCYTE ABSOLUTE", "VANCOMYCIN TROUGH"], "mean": [49.06286438529786, 3.8318493192317047, 423.0830065359478, 51.18641114982578, 148.63342611642258, 0.7696036285474879, 67.80281690140846, 36.572525915127954, 4.300174018615945, 7.3260050831792976, 97.51192954363493, 2366.1983039791257, 95.95369462620553, 4.071961860153897, 1.2637193505632869, 0.9740139176784128, 46.46497252747253, 4.177331840846647, 33.08134789777411, 9.927947803229442, 17.20273296467255, 56.83619430505141, 1.2484241585312543, 97.0544428730021, 34.2357006217121, 364.29784640390073, 26.582248102318815, 10.29726713374652, 6.986188670992201, 1.0667881079062822, 9.254666096426263, 103.67601248699272, 135.07211670795485, 67.0830876985047, 7252.1822407045, 39.04893350062734, 77.04031253364505, 55.807390451275324, 5.987362358903481, 6.7202799142605, 36.49553476917759, 3.7245983359632775, 76.89733025459921, 47.35533426352827, 139.26357645527398, 10.027507901774863, 12.721741128563112, 11.923857769328809, 101.36625995470153, 99.92631704980842, 254.92828489926902, 2.010861010326542, 47.17245286419029, 19.03978666012751, 9.025734167318216, 131.935216943261, 1.8913962845646777, 44.990957741280674, 63.47517677707481, 3.469878119558908, 141.9750679239252, 1.1628671992164787, 39.76816031171722, 887.8510114247313, 7.393062046736503, 225.40106194690267, 3.162631831255993, 0.017869103348937706, 0.265923242247467, 24.99741602067183, 34.41071668182428, 86.28611299385935, 4.6532415163992615, 115.88367455463973, 0.10742054969340432, 16.642639869636067], "std": [8.345737747703856, 30.64131027379894, 108.37573176992981, 8.309725091729234, 42.02793530828009, 1.2353168913513062, 44.20059222742077, 0.42550061791505284, 2.330172771347333, 0.026509805456934304, 1.5338396186053467, 2196.7242533349117, 8.99271644115968, 0.6591918820525369, 1.547022527207263, 0.9338745172372619, 2.971154328082499, 0.3884113604508221, 4.621484175155298, 6.822127815109799, 4.094213669537186, 16.841791673262776, 0.7849479690620688, 2.356261627518805, 9.317576977524082, 38.27797062494877, 2.8030341064949846, 0.8356004646303357, 0.6179615542136988, 3.8369631218878735, 0.5803313532927961, 3.5755400190391287, 16.097764111307157, 4.37482262245474, 4666.647678667786, 2.3789094761783285, 13.706970123338742, 9.135038185985527, 0.4714210718027058, 0.645724004560957, 5.655456903480328, 0.7225168914654843, 15.069331994981223, 345.79415580056235, 2.977569018765018, 87.17994099543544, 22.34106879291535, 1.9769090238874247, 53.74349300480658, 27.48615680143843, 88.16988245879631, 0.36484156338086593, 6.311499607675261, 11.327555744520472, 4.5514174916067045, 20.34070994943968, 0.715698340767801, 98.54358249934265, 224.96908864658528, 0.5887720231696931, 19.797881109076986, 12.902976953029022, 5.724072949965037, 419.21830537850843, 0.021525039460571944, 17.055667222930843, 2.460618736755512, 0.2199760729832788, 2.4863010330431696, 3.4806252225985523, 22.41746688828185, 24.5785491296386, 0.16220390148980476, 33.73121743533647, 0.2376203855761748, 2.6629278292221077], "min": [1.0, 0.0, 63.0, 10.0, 23.0, 0.1, 3.0, 32.0, 0.01, 6.62, 16.0, 16.0, 0.0, 1.38, 0.15, 0.0, 14.0, 2.1, 4.0, 0.0, 6.0, 1.0, 0.7, 76.0, 16.0, 60.0, 6.0, 5.1, 0.0, 1.0, 5.0, 71.0, 23.0, 1.969, 5.0, 16.0, 40.0, 8.0, 1.0, 4.2, 13.5, 0.0, 31.0, 0.0, 111.0, 0.0, 0.03, 3.9, 20.0, 0.3, 2.0, 0.6, 11.3, 0.0, 0.0, 60.0, 0.3, 3.0, 5.0, 0.7, 19.0, 0.0, 3.0, 4.0, 6.8, 54.0, 0.0, 0.0, 0.0, 2.0, 0.0, 4.08, 0.98, 39.0, 0.0, 4.0], "max": [145.0, 1232.0, 7390.0, 343.0, 3858.0, 57.0, 4660.0, 41.2777777777778, 247.9, 7.62, 100.0, 392000.0, 100.0, 30.0, 171.2, 53.0, 125.0, 9.9, 147.0, 15.0, 35.0, 121.0, 199.0, 100.0, 200.0, 1000.0, 49.0, 15.1, 11.2, 1010.0, 19.0, 136.0, 513.0, 86.0, 328220.0, 125.0, 150.0, 528.0, 9.0, 17.0, 64.1, 100.0, 175.0, 26600.0, 166.0, 4136.0, 982.0, 21.7, 2428.0, 832.4, 1648.0, 89.6, 131.9, 245.0, 551.1, 220.0, 27.5, 7740.0, 22080.0, 71.5, 534.0, 1367.0, 185.0, 43999.0, 7.63, 617.0, 28.0, 20.0, 133.0, 93.0, 125.0, 354.26, 12.0, 1090.0, 19.5, 556.0]}, "train_median_ord": [1.0, 0.0, 0.0, 0.0, 0.0, 0.0, 3.0, 1.0, 6.0, 3.0, 0.0, 1.0, 0.0, 0.0, 0.0, 0.0, 4.0, 4.0, 2019.0, 1.0, 1.0, 2.0, 1.0, 1.0],