{"levels": {"ETHNICITY": [-1, 0, 1], "AD8": [false, true], "COVID-19 CORONAVIRUS RNA": [1.0, 2.0], "LEUKOCYTE ESTERASE, URINE": [1.0, 2.0], "BACTERIA, URINE": [1.0, 2.0], "Ambulatory": [false, true], "HCG,URINE, POC": [1.0, 2.0], "PROTEIN, URINE QUALITATIVE": [1.0, 2.0], "fall_history": [false, true], "PlannedAnesthesia": [0.0, 1.0], "SurgService_Name": [1.0, 2.0, 3.0, 4.0, 5.0, 6.0, 7.0, 8.0, 9.0, 10.0, 11.0, 12.0, 13.0, 14.0, 15.0, 16.0], "HEPATITIS C AB": [1.0, 2.0], "HBSAG": [1.0, 2.0], "preop_del": [false, true], "ABORH PAT INTERP": [1.0, 2.0, 3.0, 4.0, 5.0, 6.0, 7.0, 8.0, 9.0], "HIV 1/2 AB + P24 AG": [1.0, 2.0], "COLOR, URINE": [1.0, 2.0, 3.0, 4.0], "URINE NITRITE": [1.0, 2.0], "RACE": [-1, 0, 1, 2, 3], "GLUCOSE, URINE, QUALITATIVE": [1.0, 2.0], "preop_vent_b": [false, true], "mental_status": [false, true], "CLARITY, URINE": [1.0, 2.0, 3.0], "URINE BLOOD": [1.0, 2.0], "URINE KETONES": [1.0, 2.0]}, "train_mean_cont": [223.10885167464116, 100.61007494224374, 86.99666640156939, 17.922177380914547, 35.029094847451375, 77.39513499958206, 36.30836227016566, 7.627125842489151, 45.241685271051566, 8.736762315475202, 3.7985237804539653, 779.2693103448274, 1.6747906698564596, 0.6051549406670041, 103.4237100816038, 0.20431443730801452, 0.08656267618868634, 97.46192722371964, 17.090641990224615, 9.479647219193023, 2.7559505124180594, 46.85553180831525, 7.389587593728695, 33.75714966351022, 9.27625080385852, 3.4133874485098143, 49.307847760188615, 77.35330420535227, 36.57256232070812, 147.1769644779333, 67.14769772546525, 33.633927648578826, 10.242664665666167, 36.95670999902257, 55.687602403058456, 139.0895224202448, 113.28612176046617, 6.76110784889411, 4.166179461108286, 0.90293926448737, 12.071778581435504, 95.86191059399877, 24.904407200496586, 2283.4576271186443, 370.85676741130095, 36.83527585643483, 138.9835255354201, 6521.1539888682755, 49.62467191601048, 69.63716327652558, 45.43042749371331, 4.627877485222998, 0.006909642369096424, 39.4021667760998, 9.893781937187805, 1.2061814128011312, 40.418963878327, 262.23433305716657, 96.94614708628549, 144.61310924369747, 1.238652037617555, 3.0206309556850783, 6.002617477328938, 56.419553176264806, 4.549748334566987, 1.0892804310045185, 7.096129177450209, 4.123075545532931, 7.334813401187447, 26.68720762344788, 1.9795219683655534, 384.27651858567543, 16.548714539007097, 97.0459150326797, 132.54952771044051, 0.661926797385621], "norm_value_cont": {"cont_names": ["IRON BINDING CAPACITY, TOTAL", "ALKALINE PHOSPHATASE", "WEIGHT_IN_KG", "blood urea nitrogen", "NEUTROPHIL ABSOLUTE", "DBP", "ALANINE AMINOTRANSFERASE", "LYMPHOCYTE ABSOLUTE", "ASPARTATE AMINOTRANSFERASE", "WHITE BLOOD CELL COUNT", "ALBUMIN", "FERRITIN", "LACTATE", "BILIRUBIN, TOTAL", "CHLORIDE", "BASOPHIL ABSOLUTE", "IMMATURE GRANULOCYTE ABSOLUTE", "SO2 (MEAS) ARTERIAL", "Resp", "TROPONIN I", "MONOCYTE ABSOLUTE", "RDW", "PH, ARTERIAL", "ACTIVATED PARTIAL THROMBOPLASTIN TIME", "CALCIUM", "PHOSPHORUS, PLASMA", "ERYTHROCYTE SEDIMENTATION RATE", "Pulse", "Temp", "TRIGLYCERIDES", "HEIGHT_IN_INCHES", "VITAMIN D, 25-HYDROXY", "MEAN PLATELET VOLUME", "HEMATOCRIT", "IRON, TOTAL", "SODIUM", "GLUCOSE", "HEMOGLOBIN A1C", "POTASSIUM, PLASMA", "EOSINOPHIL ABSOLUTE", "HEMOGLOBIN", "Barthel", "TRANSFERRIN SATURATION", "CREATINE KINASE, TOTAL", "LDH", "morse", "CHOLESTEROL, TOTAL", "N-TERMINAL PRO B-TYPE NATURETIC PEPTIDE", "PO2, VENOUS", "LIPASE", "PCO2, VENOUS", "IONIZED CALCIUM", "NUCLEATED RBC ABS, AUTO", "PCO2, ARTERIAL", "Secondary Diagnosis", "inr", "CHOLESTEROL, HDL", "PLATELET", "SpO2", "PO2 ARTERIAL POC", "CREATININE", "SBT", "PH, URINE", "age", "THYROID STIMULATING HORMONE", "SPECIFIC GRAVITY, URINE", "PROTEIN, TOTAL, PLASMA", "RED BLOOD CELL", "PH, VENOUS", "CO2, TOTAL", "MAGNESIUM", "FIBRINOGEN, CLAUSS", "VANCOMYCIN TROUGH", "C REACTIVE PROTEIN", "SBP", "BILIRUBIN, DIRECT"], "mean": [223.10885167464116, 100.61007494224374, 86.99666640156939, 17.922177380914547, 35.029094847451375, 77.39513499958206, 36.30836227016566, 7.627125842489151, 45.241685271051566, 8.736762315475202, 3.7985237804539653, 779.2693103448274, 1.6747906698564596, 0.6051549406670041, 103.4237100816038, 0.20431443730801452, 0.08656267618868634, 97.46192722371964, 17.090641990224615, 9.479647219193023, 2.7559505124180594, 46.85553180831525, 7.389587593728695, 33.75714966351022, 9.27625080385852, 3.4133874485098143, 49.307847760188615, 77.35330420535227, 36.57256232070812, 147.1769644779333, 67.14769772546525, 33.633927648578826, 10.242664665666167, 36.95670999902257, 55.687602403058456, 139.0895224202448, 113.28612176046617, 6.76110784889411, 4.166179461108286, 0.90293926448737, 12.071778581435504, 95.86191059399877, 24.904407200496586, 2283.4576271186443, 370.85676741130095, 36.83527585643483, 138.9835255354201, 6521.1539888682755, 49.62467191601048, 69.63716327652558, 45.43042749371331, 4.627877485222998, 0.006909642369096424, 39.4021667760998, 9.893781937187805, 1.2061814128011312, 40.418963878327, 262.23433305716657, 96.94614708628549, 144.61310924369747, 1.238652037617555, 3.0206309556850783, 6.002617477328938, 56.419553176264806, 4.549748334566987, 1.0892804310045185, 7.096129177450209, 4.123075545532931, 7.334813401187447, 26.68720762344788, 1.9795219683655534, 384.27651858567543, 16.548714539007097, 97.0459150326797, 132.54952771044051, 0.661926797385621], "std": [17.18269466637771, 56.01674477211064, 24.79989661503664, 10.963126439258568, 331.01570484204086, 13.845334949603638, 62.53273130029818, 81.26756738883356, 148.7607339072848, 3.953433572697048, 0.5283121889728475, 304.0186000220469, 0.5243809156701004, 0.8242940224734672, 3.6399599354091627, 2.4094546031125894, 0.18900926543976915, 1.6164611073625041, 4.08043462764822, 18.191572062117366, 26.785680456440687, 6.489882090394752, 0.018736174441562153, 9.914448393613009, 0.6060352067193492, 0.5077307237440533, 9.76815766373696, 15.000983174068184, 0.40791262936626055, 41.70021133951967, 4.3806382904227785, 5.575891305697786, 0.8885777215008267, 6.063509401095567, 9.418004297903616, 3.040663484704329, 33.04026908432253, 0.7208695242736991, 0.40781943540036175, 12.54221799213406, 2.1357630698817966, 8.475964001324918, 3.404896974178883, 2589.1150794515142, 64.96191929694754, 22.4924964717441, 16.69298829860665, 4451.480645595676, 8.128220586577287, 50.921120617669565, 2.6545864041504674, 0.15047705264443292, 0.12213725610977152, 2.1092192724410284, 6.829322262309975, 0.2158595800165649, 5.75921582430381, 96.25509826654567, 2.3966908130792577, 19.037604777175964, 1.50518298517172, 2.519574587800475, 0.5184681675923577, 16.433956448903874, 2.5757496179586483, 5.19413442003475, 0.6254114237365026, 0.7039629641690994, 0.022138809638299218, 2.9056016009793235, 0.4726832124330098, 34.62739170478585, 3.3118639966659, 31.331981212853748, 20.256084868490202, 0.6329245476137735], "min": [57.0, 20.0, 4.08, 2.0, 0.0, 40.0, 5.0, 0.0, 5.0, 0.0, 1.0, 4.0, 0.3, 0.1, 76.0, 0.0, 0.0, 23.0, 6.0, 0.03, 0.0, 11.4, 7.11, 16.0, 5.0, 0.7, 1.0, 32.0, 32.0, 23.0, 1.969, 4.0, 5.1, 14.5, 8.0, 118.0, 39.0, 4.2, 2.2, 0.0, 4.6, 0.0, 2.0, 20.0, 91.0, 0.0, 23.0, 5.0, 10.0, 3.0, 14.0, 0.98, 0.0, 16.0, 0.0, 0.7, 4.0, 3.0, 76.0, 20.0, 0.2, 0.0, 5.0, 5.0, 0.01, 1.0, 2.8, 1.38, 6.68, 10.0, 0.6, 80.0, 4.0, 0.3, 60.0, 0.0], "max": [617.0, 2217.0, 354.26, 141.0, 26600.0, 150.0, 4231.0, 3706.0, 22080.0, 161.3, 5.8, 21818.0, 15.0, 37.6, 130.0, 133.0, 6.2, 100.0, 35.0, 959.0, 1228.0, 113.6, 7.6, 150.0, 13.5, 11.5, 145.0, 175.0, 40.0, 3858.0, 84.0, 147.0, 15.1, 64.1, 528.0, 162.0, 1090.0, 17.0, 9.0, 1132.0, 21.7, 100.0, 90.0, 392000.0, 4310.0, 125.0, 513.0, 328220.0, 343.0, 4660.0, 123.0, 12.0, 12.91, 95.0, 15.0, 10.0, 123.0, 1361.0, 100.0, 500.0, 115.1, 28.0, 9.0, 102.0, 247.9, 1010.0, 11.1, 7.79, 7.62, 49.0, 89.6, 1000.0, 556.0, 832.4, 220.0, 31.0]}, "train_median_ord": [1.0, 0.0, 0.0, 0.0, 0.0, 0.0, 3.0, 1.0, 6.0, 3.0, 0.0, 1.0, 0.0, 0.0, 0.0, 0.0, 4.0, 4.0, 2019.0, 1.0, 1.0, 2.0, 1.0, 1.0],