{"levels": {"AD8": [false, true], "mental_status": [false, true], "HBSAG": [1.0, 2.0], "URINE NITRITE": [1.0, 2.0], "fall_history": [false, true], "CLARITY, URINE": [1.0, 2.0, 3.0], "LEUKOCYTE ESTERASE, URINE": [1.0, 2.0], "preop_del": [false, true], "URINE BLOOD": [1.0, 2.0], "HIV 1/2 AB + P24 AG": [1.0, 2.0], "PlannedAnesthesia": [0.0, 1.0], "HCG,URINE, POC": [1.0, 2.0], "URINE KETONES": [1.0, 2.0], "COLOR, URINE": [1.0, 2.0, 3.0, 4.0], "HEPATITIS C AB": [1.0, 2.0], "ABORH PAT INTERP": [1.0, 2.0, 3.0, 4.0, 5.0, 6.0, 7.0, 8.0, 9.0], "SurgService_Name": [1.0, 2.0, 3.0, 4.0, 5.0, 6.0, 7.0, 8.0, 9.0, 10.0, 11.0, 12.0, 13.0, 14.0, 15.0, 16.0], "PROTEIN, URINE QUALITATIVE": [1.0, 2.0], "BACTERIA, URINE": [1.0, 2.0], "preop_vent_b": [false, true], "plannedDispo": ["Floor", "ICU", "Obs. unit", "Outpatient"], "Ambulatory": [false, true], "COVID-19 CORONAVIRUS RNA": [1.0, 2.0]}, "train_mean_cont": [113.28612176046617, 1.5308085760474917, 36.57256232070812, 49.62467191601048, 7.389587593728695, 144.61310924369747, 26.68720762344788, 1.6747906698564596, 1.4846960167714882, 40.418963878327, 1.9795219683655534, 46.85553180831525, 4.123075545532931, 0.5454641825457822, 33.75714966351022, 2.7559505124180594, 0.661926797385621, 35.029094847451375, 24.904407200496586, 36.95670999902257, 36.30836227016566, 17.090641990224615, 3.4133874485098143, 384.27651858567543, 1.238652037617555, 370.85676741130095, 2283.4576271186443, 0.90293926448737, 96.94614708628549, 779.2693103448274, 67.14769772546525, 77.39513499958206, 10.242664665666167, 3.7985237804539653, 223.10885167464116, 1.2620019548094061, 0.006909642369096424, 0.6051549406670041, 147.1769644779333, 69.63716327652558, 7.096129177450209, 132.54952771044051, 12.071778581435504, 262.23433305716657, 1.5308880820501949, 45.43042749371331, 138.9835255354201, 4.549748334566987, 55.687602403058456, 17.922177380914547, 6.76110784889411, 0.6692607003891049, 7.627125842489151, 4.166179461108286, 36.83527585643483, 33.633927648578826, 49.307847760188615, 6.002617477328938, 2019.2457265523547, 8.736762315475202, 97.0459150326797, 45.241685271051566, 0.2170248853788461, 39.4021667760998, 97.46192722371964, 1.5393157183367345, 0.08656267618868634, 95.86191059399877, 0.5449606445286619, 3.0206309556850783, 6521.1539888682755, 86.99666640156939, 0.00659899822436594, 1.5295364800042404, 1.2061814128011312, 7.334813401187447, 9.893781937187805, 3.8388351672779826, 1.0842453024984515, 139.0895224202448, 9.27625080385852, 56.419553176264806, 0.20431443730801452, 4.627877485222998, 100.61007494224374, 9.479647219193023, 1.544192086502531, 77.35330420535227, 103.4237100816038, 1.0892804310045185, 16.548714539007097], "norm_value_cont": {"cont_names": ["GLUCOSE", "MR", "Temp", "PO2, VENOUS", "PH, ARTERIAL", "PO2 ARTERIAL POC", "CO2, TOTAL", "LACTATE", "DyspneaFreq", "CHOLESTEROL, HDL", "MAGNESIUM", "RDW", "RED BLOOD CELL", "cancerStatus", "ACTIVATED PARTIAL THROMBOPLASTIN TIME", "MONOCYTE ABSOLUTE", "BILIRUBIN, DIRECT", "NEUTROPHIL ABSOLUTE", "TRANSFERRIN SATURATION", "HEMATOCRIT", "ALANINE AMINOTRANSFERASE", "Resp", "PHOSPHORUS, PLASMA", "FIBRINOGEN, CLAUSS", "CREATININE", "LDH", "CREATINE KINASE, TOTAL", "EOSINOPHIL ABSOLUTE", "SpO2", "FERRITIN", "HEIGHT_IN_INCHES", "DBP", "MEAN PLATELET VOLUME", "ALBUMIN", "IRON BINDING CAPACITY, TOTAL", "gait", "NUCLEATED RBC ABS, AUTO", "BILIRUBIN, TOTAL", "TRIGLYCERIDES", "LIPASE", "PROTEIN, TOTAL, PLASMA", "SBP", "HEMOGLOBIN", "PLATELET", "AR", "PCO2, VENOUS", "CHOLESTEROL, TOTAL", "THYROID STIMULATING HORMONE", "IRON, TOTAL", "blood urea nitrogen", "HEMOGLOBIN A1C", "NutritionRisk", "LYMPHOCYTE ABSOLUTE", "POTASSIUM, PLASMA", "morse", "VITAMIN D, 25-HYDROXY", "ERYTHROCYTE SEDIMENTATION RATE", "PH, URINE", "case_year", "WHITE BLOOD CELL COUNT", "C REACTIVE PROTEIN", "ASPARTATE AMINOTRANSFERASE", "RACE", "PCO2, ARTERIAL", "SO2 (MEAS) ARTERIAL", "MS", "IMMATURE GRANULOCYTE ABSOLUTE", "Barthel", "poorDentition", "SBT", "N-TERMINAL PRO B-TYPE NATURETIC PEPTIDE", "WEIGHT_IN_KG", "ETHNICITY", "AS", "inr", "PH, VENOUS", "Secondary Diagnosis", "orientation_numeric", "DiastolicFunction", "SODIUM", "CALCIUM", "age", "BASOPHIL ABSOLUTE", "IONIZED CALCIUM", "ALKALINE PHOSPHATASE", "TROPONIN I", "TR", "Pulse", "CHLORIDE", "SPECIFIC GRAVITY, URINE", "VANCOMYCIN TROUGH"], "mean": [113.28612176046617, 1.5308085760474917, 36.57256232070812, 49.62467191601048, 7.389587593728695, 144.61310924369747, 26.68720762344788, 1.6747906698564596, 1.4846960167714882, 40.418963878327, 1.9795219683655534, 46.85553180831525, 4.123075545532931, 0.5454641825457822, 33.75714966351022, 2.7559505124180594, 0.661926797385621, 35.029094847451375, 24.904407200496586, 36.95670999902257, 36.30836227016566, 17.090641990224615, 3.4133874485098143, 384.27651858567543, 1.238652037617555, 370.85676741130095, 2283.4576271186443, 0.90293926448737, 96.94614708628549, 779.2693103448274, 67.14769772546525, 77.39513499958206, 10.242664665666167, 3.7985237804539653, 223.10885167464116, 1.2620019548094061, 0.006909642369096424, 0.6051549406670041, 147.1769644779333, 69.63716327652558, 7.096129177450209, 132.54952771044051, 12.071778581435504, 262.23433305716657, 1.5308880820501949, 45.43042749371331, 138.9835255354201, 4.549748334566987, 55.687602403058456, 17.922177380914547, 6.76110784889411, 0.6692607003891049, 7.627125842489151, 4.166179461108286, 36.83527585643483, 33.633927648578826, 49.307847760188615, 6.002617477328938, 2019.2457265523547, 8.736762315475202, 97.0459150326797, 45.241685271051566, 0.2170248853788461, 39.4021667760998, 97.46192722371964, 1.5393157183367345, 0.08656267618868634, 95.86191059399877, 0.5449606445286619, 3.0206309556850783, 6521.1539888682755, 86.99666640156939, 0.00659899822436594, 1.5295364800042404, 1.2061814128011312, 7.334813401187447, 9.893781937187805, 3.8388351672779826, 1.0842453024984515, 139.0895224202448, 9.27625080385852, 56.419553176264806, 0.20431443730801452, 4.627877485222998, 100.61007494224374, 9.479647219193023, 1.544192086502531, 77.35330420535227, 103.4237100816038, 1.0892804310045185, 16.548714539007097], "std": [33.04026908432253, 0.8518075117418941, 0.40791262936626055, 8.128220586577287, 0.018736174441562153, 19.037604777175964, 2.9056016009793235, 0.5243809156701004, 0.34348487065891575, 5.75921582430381, 0.4726832124330098, 6.489882090394752, 0.7039629641690994, 1.1354663342039406, 9.914448393613009, 26.785680456440687, 0.6329245476137735, 331.01570484204086, 3.404896974178883, 6.063509401095567, 62.53273130029818, 4.08043462764822, 0.5077307237440533, 34.62739170478585, 1.50518298517172, 64.96191929694754, 2589.1150794515142, 12.54221799213406, 2.3966908130792577, 304.0186000220469, 4.3806382904227785, 13.845334949603638, 0.8885777215008267, 0.5283121889728475, 17.18269466637771, 0.5191681023477501, 0.12213725610977152, 0.8242940224734672, 41.70021133951967, 50.921120617669565, 0.6254114237365026, 20.256084868490202, 2.1357630698817966, 96.25509826654567, 0.8465301045846219, 2.6545864041504674, 16.69298829860665, 2.5757496179586483, 9.418004297903616, 10.963126439258568, 0.7208695242736991, 0.4541848109617451, 81.26756738883356, 0.40781943540036175, 22.4924964717441, 5.575891305697786, 9.76815766373696, 0.5184681675923577, 0.689835168192429, 3.953433572697048, 31.331981212853748, 148.7607339072848, 0.4774625725154761, 2.1092192724410284, 1.6164611073625041, 0.8432313098884784, 0.18900926543976915, 8.475964001324918, 0.8157221887003294, 2.519574587800475, 4451.480645595676, 24.79989661503664, 0.1491483339605907, 0.858669897715499, 0.2158595800165649, 0.022138809638299218, 6.829322262309975, 0.47665255350863595, 0.2509194328199531, 3.040663484704329, 0.6060352067193492, 16.433956448903874, 2.4094546031125894, 0.15047705264443292, 56.01674477211064, 18.191572062117366, 0.8382290856284819, 15.000983174068184, 3.6399599354091627, 5.19413442003475, 3.3118639966659],