{"levels": {"SurgService_Name": [1.0, 2.0, 3.0, 4.0, 5.0, 6.0, 7.0, 8.0, 9.0, 10.0, 11.0, 12.0, 13.0, 14.0, 15.0, 16.0], "COVID-19 CORONAVIRUS RNA": [1.0, 2.0], "URINE KETONES": [1.0, 2.0], "HCG,URINE, POC": [1.0, 2.0], "poorDentition": [0, 1, 2], "COLOR, URINE": [1.0, 2.0, 3.0, 4.0], "BACTERIA, URINE": [1.0, 2.0], "AR": [0, 1, 2, 3], "HBSAG": [1.0, 2.0], "mental_status": [false, true], "URINE BLOOD": [1.0, 2.0], "LEUKOCYTE ESTERASE, URINE": [1.0, 2.0], "HIV 1/2 AB + P24 AG": [1.0, 2.0], "MR": [0, 1, 2, 3], "HEPATITIS C AB": [1.0, 2.0], "URINE NITRITE": [1.0, 2.0], "PlannedAnesthesia": [0.0, 1.0], "URINE UROBILINOGEN": [1.0, 2.0], "case_year": [2018, 2019, 2020, 2021], "PROTEIN, URINE QUALITATIVE": [1.0, 2.0], "MS": [0, 1, 2, 3], "ABORH PAT INTERP": [1.0, 2.0, 3.0, 4.0, 5.0, 6.0, 7.0, 8.0, 9.0], "TR": [0, 1, 2, 3], "CLARITY, URINE": [1.0, 2.0, 3.0], "plannedDispo": ["Floor", "ICU", "Obs. unit", "Outpatient"], "AS": [0, 1, 2, 3]}, "train_mean_cont": [2.010861010326542, 141.9750679239252, 458298199090.155, 1.2637193505632869, 17.20273296467255, 47.17245286419029, 4.300174018615945, 225.40106194690267, 0.9740139176784128, 5.987362358903481, 1.8913962845646777, 76.89733025459921, 201.67773851076208, 97.51192954363493, 86.28611299385935, 1.0667881079062822, 51.18641114982578, 63.47517677707481, 24.99741602067183, 7.3260050831792976, 4.177331840846647, 254.92828489926902, 148.63342611642258, 55.807390451275324, 16.642639869636067, 44.990957741280674, 650.3527404193782, 10.29726713374652, 56.83619430505141, 887.8510114247313, 7252.1822407045, 67.0830876985047, 131.935216943261, 39.76816031171722, 101.36625995470153, 67.80281690140846, 97.0544428730021, 1.1628671992164787, 135.07211670795485, 51.82212023235422, 26.582248102318815, 99.92631704980842, 36.572525915127954, 3.8318493192317047, 0.7696036285474879, 364.29784640390073, 139.26357645527398, 39.04893350062734, 423.0830065359478, 33.08134789777411, 7.393062046736503, 1.1357957036387547, 36.49553476917759, 6.7202799142605, 3.7245983359632775, 115.88367455463973, 2366.1983039791257, 46.46497252747253, 0.017869103348937706, 3.469878119558908, 19.03978666012751, 34.2357006217121, 47.35533426352827, 1.8123329424308752, 11.923857769328809, 1.2484241585312543, 6.986188670992201, 0.10742054969340432, 4.6532415163992615, 77.04031253364505, 103.67601248699272, 9.254666096426263, 4.071961860153897, 0.265923242247467, 660.8538828633406, 10.027507901774863, 9.025734167318216, 49.06286438529786], "norm_value_cont": {"cont_names": ["MAGNESIUM", "PO2 ARTERIAL POC", "MRN_encoded", "CREATININE", "Resp", "RDW", "THYROID STIMULATING HORMONE", "IRON BINDING CAPACITY, TOTAL", "BILIRUBIN, DIRECT", "PH, URINE", "LACTATE", "Pulse", "TROPONIN I", "SO2 (MEAS) ARTERIAL", "WEIGHT_IN_KG", "SPECIFIC GRAVITY, URINE", "PO2, VENOUS", "ASPARTATE AMINOTRANSFERASE", "TRANSFERRIN SATURATION", "PH, VENOUS", "POTASSIUM, PLASMA", "PLATELET", "TRIGLYCERIDES", "IRON, TOTAL", "VANCOMYCIN TROUGH", "ALANINE AMINOTRANSFERASE", "StartTime", "MEAN PLATELET VOLUME", "age", "FERRITIN", "N-TERMINAL PRO B-TYPE NATURETIC PEPTIDE", "HEIGHT_IN_INCHES", "SBP", "CHOLESTEROL, HDL", "ALKALINE PHOSPHATASE", "LIPASE", "SpO2", "EOSINOPHIL ABSOLUTE", "CHOLESTEROL, TOTAL", "total_morphine_equivalent_dose", "CO2, TOTAL", "C REACTIVE PROTEIN", "Temp", "MONOCYTE ABSOLUTE", "BILIRUBIN, TOTAL", "FIBRINOGEN, CLAUSS", "SODIUM", "PCO2, ARTERIAL", "LDH", "VITAMIN D, 25-HYDROXY", "PH, ARTERIAL", "opioids_count", "HEMATOCRIT", "HEMOGLOBIN A1C", "ALBUMIN", "GLUCOSE", "CREATINE KINASE, TOTAL", "PCO2, VENOUS", "NUCLEATED RBC ABS, AUTO", "PHOSPHORUS, PLASMA", "blood urea nitrogen", "ACTIVATED PARTIAL THROMBOPLASTIN TIME", "NEUTROPHIL ABSOLUTE", "preop_los", "HEMOGLOBIN", "inr", "PROTEIN, TOTAL, PLASMA", "IMMATURE GRANULOCYTE ABSOLUTE", "IONIZED CALCIUM", "DBP", "CHLORIDE", "CALCIUM", "RED BLOOD CELL", "BASOPHIL ABSOLUTE", "time_of_day", "LYMPHOCYTE ABSOLUTE", "WHITE BLOOD CELL COUNT", "ERYTHROCYTE SEDIMENTATION RATE"], "mean": [2.010861010326542, 141.9750679239252, 458298199090.155, 1.2637193505632869, 17.20273296467255, 47.17245286419029, 4.300174018615945, 225.40106194690267, 0.9740139176784128, 5.987362358903481, 1.8913962845646777, 76.89733025459921, 201.67773851076208, 97.51192954363493, 86.28611299385935, 1.0667881079062822, 51.18641114982578, 63.47517677707481, 24.99741602067183, 7.3260050831792976, 4.177331840846647, 254.92828489926902, 148.63342611642258, 55.807390451275324, 16.642639869636067, 44.990957741280674, 650.3527404193782, 10.29726713374652, 56.83619430505141, 887.8510114247313, 7252.1822407045, 67.0830876985047, 131.935216943261, 39.76816031171722, 101.36625995470153, 67.80281690140846, 97.0544428730021, 1.1628671992164787, 135.07211670795485, 51.82212023235422, 26.582248102318815, 99.92631704980842, 36.572525915127954, 3.8318493192317047, 0.7696036285474879, 364.29784640390073, 139.26357645527398, 39.04893350062734, 423.0830065359478, 33.08134789777411, 7.393062046736503, 1.1357957036387547, 36.49553476917759, 6.7202799142605, 3.7245983359632775, 115.88367455463973, 2366.1983039791257, 46.46497252747253, 0.017869103348937706, 3.469878119558908, 19.03978666012751, 34.2357006217121, 47.35533426352827, 1.8123329424308752, 11.923857769328809, 1.2484241585312543, 6.986188670992201, 0.10742054969340432, 4.6532415163992615, 77.04031253364505, 103.67601248699272, 9.254666096426263, 4.071961860153897, 0.265923242247467, 660.8538828633406, 10.027507901774863, 9.025734167318216, 49.06286438529786], "std": [0.36484156338086593, 19.797881109076986, 276822128792.917, 1.547022527207263, 4.094213669537186, 6.311499607675261, 2.330172771347333, 17.055667222930843, 0.9338745172372619, 0.4714210718027058, 0.715698340767801, 15.069331994981223, 1493.83935979235, 1.5338396186053467, 24.5785491296386, 3.8369631218878735, 8.309725091729234, 224.96908864658528, 3.4806252225985523, 0.026509805456934304, 0.3884113604508221, 88.16988245879631, 42.02793530828009, 9.135038185985527, 2.6629278292221077, 98.54358249934265, 206.34040525070287, 0.8356004646303357, 16.841791673262776, 419.21830537850843, 4666.647678667786, 4.37482262245474, 20.34070994943968, 5.724072949965037, 53.74349300480658, 44.20059222742077, 2.356261627518805, 12.902976953029022, 16.097764111307157, 41.68001461350531, 2.8030341064949846, 27.48615680143843, 0.42550061791505284, 30.64131027379894, 1.2353168913513062, 38.27797062494877, 2.977569018765018, 2.3789094761783285, 108.37573176992981, 4.621484175155298, 0.021525039460571944, 0.18920750528419128, 5.655456903480328, 0.645724004560957, 0.7225168914654843, 33.73121743533647, 2196.7242533349117, 2.971154328082499, 0.2199760729832788, 0.5887720231696931, 11.327555744520472, 9.317576977524082, 345.79415580056235, 6.587395610553047, 1.9769090238874247, 0.7849479690620688, 0.6179615542136988, 0.2376203855761748, 0.16220390148980476, 13.706970123338742, 3.5755400190391287, 0.5803313532927961, 0.6591918820525369, 2.4863010330431696, 206.41558719060794, 87.17994099543544, 4.5514174916067045, 8.345737747703856], "min": [0.6, 19.0, 50602088.0, 0.15, 6.0, 11.3, 0.01, 54.0, 0.0, 1.0, 0.3, 31.0, 0.03, 16.0, 4.08, 1.0, 10.0, 5.0, 2.0, 6.62, 2.1, 2.0, 23.0, 8.0, 4.0, 3.0, 0.0, 5.1, 1.0, 4.0, 5.0, 1.969, 60.0, 3.0, 20.0, 3.0, 76.0, 0.0, 23.0, 1.5, 6.0, 0.3, 32.0, 0.0, 0.1, 60.0, 111.0, 16.0, 63.0, 4.0, 6.8, 1.0, 13.5, 4.2, 0.0, 39.0, 16.0, 14.0, 0.0, 0.7, 0.0, 16.0, 0.0, -0.38125, 3.9, 0.7, 0.0, 0.0, 0.98, 40.0, 71.0, 5.0, 1.38, 0.0, 4.0, 0.0, 0.0, 1.0],